id,name,model_id:id,group_id:id,perm_read,perm_write,perm_create,perm_unlink
access_estate_property,access.estate.property,estate.model_estate_property,base.group_user,1,1,1,1
access_estate_property_offer,access.estate.property.offer,estate.model_estate_property_offer,base.group_user,1,1,1,1
access_estate_property_tag,access.estate.property.tag,estate.model_estate_property_tag,base.group_user,1,1,1,1
access_estate_property_type,access.estate.property.type,estate.model_estate_property_type,base.group_user,1,1,1,1
